antecedents,consequents,antecedent support,consequent support,support,confidence,lift,representativity,leverage,conviction,zhangs_metric,jaccard,certainty,kulczynski
frozenset({'SKU02'}),"frozenset({'SKU03', 'SKU01'})",0.2665094339622642,0.2521672616012239,0.24381693013768485,0.9148529060033483,3.627960664656352,1.0,0.1766119759845285,8.78283336866651,0.9875560599373727,0.8870593692022262,0.8861415265411293,0.9408693245891362
"frozenset({'SKU03', 'SKU01'})",frozenset({'SKU02'}),0.2521672616012239,0.2665094339622642,0.24381693013768485,0.966885743174924,3.627960664656352,1.0,0.1766119759845285,22.150295261414286,0.9686163980309704,0.8870593692022262,0.9548538749394463,0.9408693245891362
"frozenset({'SKU01', 'SKU02'})",frozenset({'SKU03'}),0.25172106068332484,0.26848546659867417,0.24381693013768485,0.9685996454798683,3.6076427441329946,1.0,0.1762334837074092,23.296378164530932,0.9659642318465849,0.8821494464944648,0.9570748726288059,0.9383596517997632
frozenset({'SKU03'}),"frozenset({'SKU01', 'SKU02'})",0.26848546659867417,0.25172106068332484,0.24381693013768485,0.908119658119658,3.607642744132994,1.0,0.1762334837074092,8.144059153493105,0.9881016135976874,0.8821494464944648,0.8772111079803386,0.9383596517997632
frozenset({'SKU04'}),"frozenset({'SKU05', 'SKU07'})",0.2732661907190209,0.2598164201937787,0.2521672616012239,0.9227898297177514,3.5516994231138574,1.0,0.18116821816861747,9.586607270783299,0.9885939439615972,0.897662809167234,0.8956878099045886,0.9466746008255096
"frozenset({'SKU05', 'SKU07'})",frozenset({'SKU04'}),0.2598164201937787,0.2732661907190209,0.2521672616012239,0.9705593719332679,3.5516994231138574,1.0,0.18116821816861747,24.684725055243923,0.9706303440497905,0.897662809167234,0.9594891173483999,0.9466746008255096
frozenset({'SKU07'}),"frozenset({'SKU05', 'SKU04'})",0.27613462519122894,0.2593064762876084,0.2521672616012239,0.9132040627885505,3.5217171428286083,1.0,0.18056376496188684,8.533734959367251,0.9891999739294977,0.8901890189018901,0.8828180152346626,0.942836053026527
"frozenset({'SKU05', 'SKU04'})",frozenset({'SKU07'}),0.2593064762876084,0.27613462519122894,0.2521672616012239,0.9724680432645034,3.5217171428286083,1.0,0.18056376496188684,26.291824506447135,0.966725895347967,0.8901890189018901,0.9619653630445165,0.942836053026527
"frozenset({'SKU05', 'SKU01'})",frozenset({'SKU09'}),0.26695563488016316,0.2734574196838348,0.25197603263641,0.9438872970391596,3.4516792344872576,1.0,0.17897503355202066,12.947916282400454,0.9689535520628251,0.8735911602209943,0.922767495696643,0.9326662592421905
frozenset({'SKU09'}),"frozenset({'SKU05', 'SKU01'})",0.2734574196838348,0.26695563488016316,0.25197603263641,0.9214452214452213,3.451679234487257,1.0,0.17897503355202066,9.331633015917198,0.977624657722626,0.8735911602209943,0.8928376203506637,0.9326662592421905
frozenset({'SKU03'}),frozenset({'SKU02'}),0.26848546659867417,0.2665094339622642,0.24381693013768485,0.908119658119658,3.4074578322365925,1.0,0.17226302040737781,7.983106625713021,0.9658401164578764,0.8373467600700524,0.8747354824525241,0.9114862820615032
frozenset({'SKU02'}),frozenset({'SKU03'}),0.2665094339622642,0.26848546659867417,0.24381693013768485,0.9148529060033483,3.4074578322365925,1.0,0.17226302040737781,8.591186135255445,0.963238131265368,0.8373467600700524,0.8836016372761004,0.9114862820615032
frozenset({'SKU07'}),frozenset({'SKU04'}),0.27613462519122894,0.2732661907190209,0.2521672616012239,0.9132040627885505,3.3418113685623463,1.0,0.17670900444959214,8.372901228205338,0.9680820658094978,0.848380870684109,0.8805670850826051,0.917996946253151
frozenset({'SKU04'}),frozenset({'SKU07'}),0.2732661907190209,0.27613462519122894,0.2521672616012239,0.9227898297177514,3.3418113685623463,1.0,0.17670900444959214,9.375259401224177,0.9642610244130041,0.848380870684109,0.8933362846611554,0.917996946253151
frozenset({'SKU06'}),frozenset({'SKU08'}),0.27505099439061703,0.27434982151963283,0.2520397756246813,0.9163383545770567,3.3400362701219484,1.0,0.17657958440481797,8.673630249702995,0.9664156350746146,0.8475884244372989,0.8847080206082981,0.9175093259874131
