txn_date,quantity
2024-01-01,335
2024-01-02,304
2024-01-03,435
2024-01-04,224
2024-01-05,315
2024-01-06,424
2024-01-07,375
2024-01-08,390
2024-01-09,448
2024-01-10,252
2024-01-11,383
2024-01-12,384
2024-01-13,314
2024-01-14,332
2024-01-15,415
2024-01-16,434
2024-01-17,399
2024-01-18,322
2024-01-19,267
2024-01-20,368
2024-01-21,356
2024-01-22,289
2024-01-23,419
2024-01-24,288
2024-01-25,222
2024-01-26,393
2024-01-27,319
2024-01-28,421
2024-01-29,309
2024-01-30,385
2024-01-31,307
2024-02-01,397
2024-02-02,339
2024-02-03,297
2024-02-04,366
2024-02-05,312
2024-02-06,292
2024-02-07,240
2024-02-08,300
2024-02-09,417
2024-02-10,266
2024-02-11,402
2024-02-12,305
2024-02-13,245
2024-02-14,364
2024-02-15,250
2024-02-16,447
2024-02-17,378
2024-02-18,385
2024-02-19,236
2024-02-20,410
2024-02-21,378
2024-02-22,435
2024-02-23,269
2024-02-24,296
2024-02-25,317
2024-02-26,261
2024-02-27,214
2024-02-28,350
2024-02-29,392
2024-03-01,351
2024-03-02,412
2024-03-03,389
2024-03-04,223
2024-03-05,331
2024-03-06,333
2024-03-07,406
2024-03-08,288
2024-03-09,360
2024-03-10,359
2024-03-11,276
2024-03-12,261
2024-03-13,280
2024-03-14,261
2024-03-15,385
2024-03-16,251
2024-03-17,390
2024-03-18,323
2024-03-19,245
2024-03-20,253
2024-03-21,449
2024-03-22,285
2024-03-23,380
2024-03-24,263
2024-03-25,258
2024-03-26,272
2024-03-27,412
2024-03-28,358
2024-03-29,329
2024-03-30,407
2024-03-31,398
2024-04-01,285
2024-04-02,412
2024-04-03,271
2024-04-04,301
2024-04-05,396
2024-04-06,287
2024-04-07,308
2024-04-08,256
2024-04-09,324
2024-04-10,309
2024-04-11,280
2024-04-12,397
2024-04-13,422
2024-04-14,277
2024-04-15,379
2024-04-16,431
2024-04-17,392
2024-04-18,432
2024-04-19,370
2024-04-20,384
2024-04-21,337
2024-04-22,384
2024-04-23,320
2024-04-24,283
2024-04-25,348
2024-04-26,385
2024-04-27,345
2024-04-28,256
2024-04-29,428
2024-04-30,300
2024-05-01,392
2024-05-02,335
2024-05-03,501
2024-05-04,246
2024-05-05,266
2024-05-06,350
2024-05-07,440
2024-05-08,374
2024-05-09,445
2024-05-10,346
2024-05-11,321
2024-05-12,310
2024-05-13,375
2024-05-14,396
2024-05-15,400
2024-05-16,379
2024-05-17,331
2024-05-18,366
2024-05-19,455
2024-05-20,304
2024-05-21,346
2024-05-22,419
2024-05-23,432
2024-05-24,267
2024-05-25,226
2024-05-26,372
2024-05-27,232
2024-05-28,372
2024-05-29,248
2024-05-30,390
2024-05-31,329
2024-06-01,216
2024-06-02,286
2024-06-03,439
2024-06-04,301
2024-06-05,247
2024-06-06,302
2024-06-07,375
2024-06-08,367
2024-06-09,416
2024-06-10,281
2024-06-11,342
2024-06-12,372
2024-06-13,402
2024-06-14,268
2024-06-15,413
2024-06-16,375
2024-06-17,313
2024-06-18,249
2024-06-19,253
2024-06-20,291
2024-06-21,344
2024-06-22,276
2024-06-23,441
2024-06-24,299
2024-06-25,322
2024-06-26,396
2024-06-27,251
2024-06-28,250
2024-06-29,262
2024-06-30,368
2024-07-01,337
2024-07-02,400
2024-07-03,334
2024-07-04,231
2024-07-05,278
2024-07-06,435
2024-07-07,325
2024-07-08,424
2024-07-09,312
2024-07-10,245
2024-07-11,261
2024-07-12,325
2024-07-13,444
2024-07-14,451
2024-07-15,403
2024-07-16,358
2024-07-17,389
2024-07-18,321
2024-07-19,279
2024-07-20,389
2024-07-21,278
2024-07-22,454
2024-07-23,332
2024-07-24,307
2024-07-25,339
2024-07-26,427
2024-07-27,259
2024-07-28,306
2024-07-29,242
2024-07-30,330
2024-07-31,340
2024-08-01,290
2024-08-02,331
2024-08-03,275
2024-08-04,274
2024-08-05,400
2024-08-06,355
2024-08-07,432
2024-08-08,288
2024-08-09,368
2024-08-10,304
2024-08-11,418
2024-08-12,270
2024-08-13,349
2024-08-14,387
2024-08-15,442
2024-08-16,367
2024-08-17,314
2024-08-18,238
2024-08-19,390
2024-08-20,342
2024-08-21,242
2024-08-22,414
2024-08-23,392
2024-08-24,354
2024-08-25,338
2024-08-26,264
2024-08-27,250
2024-08-28,375
2024-08-29,439
2024-08-30,435
2024-08-31,274
2024-09-01,404
2024-09-02,359
2024-09-03,430
2024-09-04,302
2024-09-05,278
2024-09-06,288
2024-09-07,238
2024-09-08,272
2024-09-09,402
2024-09-10,362
2024-09-11,259
2024-09-12,445
2024-09-13,440
2024-09-14,294
2024-09-15,432
2024-09-16,445
2024-09-17,382
2024-09-18,435
2024-09-19,367
2024-09-20,424
2024-09-21,245
2024-09-22,294
2024-09-23,389
2024-09-24,391
2024-09-25,336
2024-09-26,417
2024-09-27,296
2024-09-28,260
2024-09-29,258
2024-09-30,293
